validation_id,model_id,runtime_secs,MeanAbsolutePercentageError_fold_0_test,MeanAbsolutePercentageError_fold_1_test,MeanAbsolutePercentageError_mean,MeanAbsolutePercentageError_std,MeanSquaredError_fold_0_test,MeanSquaredError_fold_1_test,MeanSquaredError_mean,MeanSquaredError_std,MeanSquaredError_fold_2_test
airline-v1,NaiveForecaster-last,0.28177785873413086,0.20428799543949216,0.10993246164376907,0.15711022854163062,0.06671943778943226,2293.6666666666665,2125.6666666666665,2209.6666666666665,118.79393923933998,
airline-v1,NaiveForecaster-mean,0.12799978256225586,0.3382915208044299,0.27642844616322854,0.3073599834838292,0.04374379958384304,6238.520833333333,13448.208333333334,9843.364583333334,5098.018921485887,
longley-v1,NaiveForecaster-last,0.28805088996887207,,,,,2883.6899999999987,100362.23999999998,65342.36333333332,54223.45064095084,92781.15999999997
longley-v1,NaiveForecaster-mean,0.1252601146697998,,,,,41229.302500000005,78848.63999999997,88871.26083333332,53363.905463677416,146535.83999999997
