GDP,PCV
7.899116,8.451481
7.920447,8.521185
7.91257,8.246434
7.956021,8.581107
7.982894,8.576405
8.014104,8.626944
8.047797,8.741616
8.062086,8.696677
8.06407,8.608495
8.072218,8.587465
8.089298,8.774158
8.113367,8.799812
8.137513,8.78722
8.165762,8.833463
8.193621,8.906529
8.232493,8.974618
8.265239,8.968269
8.285041,9.039552
8.29993,9.053453
